Termination,Cells,Output
Junk on stderr,Output,0.90278,c5a11d56971a1585620846777e4dcb0a,23ffe52ff5c812ebf74e4aafd99d20b0
Exception,Termination,0.84829,43ecd1fadea7b5e25e404246bc437db6,8c8e6734199aa68c4f8502dc5838a751,6cd1ec650daf59f28548a6ffead027f9,23ffe52ff5c812ebf74e4aafd99d20b0,4d952f44c0e23c4eb2c7b74f38ed8cbf,700361d40a9113432cd0bad537ace8a2,eb6c0f4f27afaa1d93693081c53b33b1
Block size too large,Cells,0.80556,4d952f44c0e23c4eb2c7b74f38ed8cbf,4a0e12d5ac3301a31cd7d3c94ab2d3e2,e49917d5fe1bfb0de3f3dbc4569ea19c,1f20633b6ed630b51e82b98d50f01ff4
Visited block twice,Cells,0.75,0097f9a5b851bd441d1e25983b7595a8,4a0e12d5ac3301a31cd7d3c94ab2d3e2,c1c8c95416978658f264deb5430f4273
Bad contents,Cells,0.70249,0097f9a5b851bd441d1e25983b7595a8,8c8e6734199aa68c4f8502dc5838a751
Bad cell count,Cells,0.73026,2523359c65ad6f2f3ecd4eb3830305d8,8c8e6734199aa68c4f8502dc5838a751
Bad pointer,Cells,0.77778,4a0e12d5ac3301a31cd7d3c94ab2d3e2,23ffe52ff5c812ebf74e4aafd99d20b0
Bad return value,Cells,0.7924,4d952f44c0e23c4eb2c7b74f38ed8cbf,700361d40a9113432cd0bad537ace8a2,8c8e6734199aa68c4f8502dc5838a751
Assertion,Termination,0.76067,6cd1ec650daf59f28548a6ffead027f9,8c8e6734199aa68c4f8502dc5838a751
Segfault,Termination,0.78571,f6d0c9eb76bb069914303ecfca23e930
Cannot allocate array,Cells,0.78571,f6d0c9eb76bb069914303ecfca23e930
Noncontiguous memory,Cells,0.76389,0097f9a5b851bd441d1e25983b7595a8,23ffe52ff5c812ebf74e4aafd99d20b0
Bounds check,Cells,0.8,4d368242097f036da47567dcfc24708c,2523359c65ad6f2f3ecd4eb3830305d8,36f214efca4b429f6834f657cf39b09b,4a0e12d5ac3301a31cd7d3c94ab2d3e2,c1c8c95416978658f264deb5430f4273
Block size too small,Cells,0.82429,43ecd1fadea7b5e25e404246bc437db6,8c8e6734199aa68c4f8502dc5838a751,c1c8c95416978658f264deb5430f4273,0097f9a5b851bd441d1e25983b7595a8,2523359c65ad6f2f3ecd4eb3830305d8,6cd1ec650daf59f28548a6ffead027f9,e49917d5fe1bfb0de3f3dbc4569ea19c,a21a30b379d8c3637a1abc02345ff570,4d368242097f036da47567dcfc24708c,4d952f44c0e23c4eb2c7b74f38ed8cbf,54f9df03aa270e07b97390c4f63026de,1f20633b6ed630b51e82b98d50f01ff4,36f214efca4b429f6834f657cf39b09b
25
